[
    {
        "@url"        : "/page/detail",
        "@name"       : "reader",
        "@controller" : "@DisplayController",
        "@fml"        : true
    },
    {
        "@url"        : "/page/wards",
        "@name"       : "ward",
        "@controller" : "subCategories@DisplayController",
        "@fml"        : true
    },
    {
        "@url"        : "/page/event/speakers",
        "@name"       : "speakers",
        "@controller" : "speakers@App",
        "@fml"        : true
    },
    {
        "@url"        : "/page/article/search",
        "@name"       : "atSearch",
        "@controller" : "searchResults@DisplayController",
        "@fml"        : true
    }, 
    {
        "@url"        : "/super/select-subcategories",
        "@controller" : "selectSubCategory@MainActivity"    
    },   
    {
        "@url"        : "/super/logout",
        "@name"       : "logout",
        "@controller" : "logout@Admin"
    },
    {
        "@url"        : "/404",
        "@static"     : "404/error_page",
        "@controller" : "page404@App",
        "@fml"        : true
    },
    {
        "@url"        : "/",
        "@name"       : "home",
        "@fml"        : true,
        "@controller" : "@App"
    },
    {
        "@url"        : "/home/publication",
        "@name"       : "publication",
        "@fml"        : true,
        "@controller" : "publication@App"
    },
    {
        "@url"        : "/home/advocacy",
        "@name"       : "advocacy",
        "@fml"        : true,
        "@controller" : "advocacy@App"
    },
    {
        "@url"        : "/home/programs",
        "@name"       : "programs",
        "@fml"        : true,
        "@controller" : "programs@App"
    },
    {
        "@url"        : "/home/research",
        "@name"       : "research",
        "@fml"        : true,
        "@controller" : "research@App"
    },
    {
        "@url"        : "/home/blog",
        "@name"       : "blog",
        "@fml"        : true,
        "@controller" : "blog@App"
    },
    {
        "@url"        : "/home/events",
        "@name"       : "events",
        "@fml"        : true,
        "@controller" : "events@App"
    },
    {
        "@url"        : "/home/about",
        "@name"       : "about",
        "@fml"        : true,
        "@controller" : "about@App"
    },
    {
        "@url"        : "/ajoet",
        "@name"       : "ajoet",
        "@fml"        : true,
        "@controller" : "ajoet@App"
    },
    {
        "@url"        : "/locate/subpage",
        "@name"       : "subPages",
        "@controller" : "locateSubPage@App"
    },
    {
        "@url"        : "/home/press-release",
        "@name"       : "press",
        "@fml"        : true,
        "@controller" : "pressRelease@App"
    },
    {
        "@url"        : "/home/donate",
        "@name"       : "donate",
        "@fml"        : true,
        "@controller" : "donate@App"
    },
    {
        "@url"        : "/home/contact",
        "@name"       : "contact",
        "@fml"        : true,
        "@controller" : "contact@App"
    },
    {
        "@url"        : "/super/dashboard",
        "@name"       : "admin_dash",
        "@static"     : "admin/dashboard",
        "@controller" : "dashboard@Admin"
    },
    {
        "@url"        : "/super/login",
        "@name"       : "admin",
        "@fml"        : true,
        "@controller" : "@Admin"
    },
    {
        "@url"        : "/super/add-pages",
        "@name"       : "add_page",
        "@static"     : "admin/add-pages",
        "@controller" : "addPages@Admin"
    },
    {
        "@url"        : "/super/edit-pages",
        "@name"       : "edit_page",
        "@static"     : "admin/add-pages",
        "@controller" : "editPages@Admin"
    },
    {
        "@url"        : "/super/my-profile",
        "@name"       : "my_profile",
        "@static"     : "admin/admin-profile",
        "@controller" : "myProfile@Admin"
    },
    {
        "@url"        : "/super/manage-page",
        "@name"       : "manage_pages",
        "@static"     : "admin/app-pages",
        "@controller" : "managePages@Admin"
    },
    {
        "@url"        : "/super/manage-category",
        "@name"       : "manage_categories",
        "@static"     : "admin/page-categories",
        "@controller" : "manageCategories@Admin"
    },
    {
        "@url"        : "/super/manage-sub-category",
        "@name"       : "manage_sub_categories",
        "@static"     : "admin/sub-categories",
        "@controller" : "manageSubCategories@Admin"
    },
    {
        "@url"        : "/super/add-category-pages",
        "@name"       : "add_category",
        "@static"     : "admin/add-category-pages",
        "@controller" : "addCategoryPages@Admin"
    },
    {
        "@url"        : "/super/edit-category-pages",
        "@name"       : "edit_category",
        "@static"     : "admin/add-category-pages",
        "@controller" : "editCategoryPages@Admin"
    },
    {
        "@url"        : "/super/add-sub-category-pages",
        "@name"       : "add_sub_category",
        "@static"     : "admin/add-sub-category-page",
        "@controller" : "addSubCategoryPages@Admin"
    },
    {
        "@url"        : "/super/edit-sub-category-pages",
        "@name"       : "edit_sub_category",
        "@static"     : "admin/add-sub-category-page",
        "@controller" : "editSubCategoryPages@Admin"
    },
    {
        "@url"        : "/super/side-page/add-item",
        "@name"       : "add_side_itm",
        "@static"     : "admin/add-side-item",
        "@controller" : "setSideItem@Admin"    
    },
    {
        "@url"        : "/super/side-page/edit",
        "@name"       : "edit_sidepage",
        "@static"     : "admin/edit-side-page",
        "@controller" : "setSidePageEdit@Admin"    
    },
    {
        "@url"        : "/super/side-page/edit-item",
        "@name"       : "edit_side_itm",
        "@static"     : "admin/add-side-item",
        "@controller" : "editSideItem@Admin"
    },
    {
        "@url"        : "/super/add-user",
        "@name"       : "add_user",
        "@static"     : "admin/add-member",
        "@controller" : "addUser@Admin"
    },
    {
        "@url"        : "/super/manage-user",
        "@name"       : "manage_user",
        "@static"     : "admin/users-page",
        "@controller" : "manageUser@Admin"
    },
    {
        "@url"        : "/super/add-event",
        "@name"       : "add_event",
        "@static"     : "admin/add-events",
        "@controller" : "addEvent@Admin"
    },
    {
        "@url"        : "/super/edit-event",
        "@name"       : "edit_event",
        "@static"     : "admin/add-events",
        "@controller" : "editEvent@Admin"
    },
    {
        "@url"        : "/super/manage-events",
        "@name"       : "manage_events",
        "@static"     : "admin/event-page",
        "@controller" : "manageEvents@Admin"
    },
    {
        "@url"        : "/super/events/current-shedules",
        "@name"       : "add_speaker_schedules",
        "@static"     : "admin/add-speaker-schedule",
        "@controller" : "currentSchedules@Admin"
    },
    {
        "@url"        : "/super/add-schedules",
        "@name"       : "add_schedule",
        "@static"     : "admin/add-schedule",
        "@controller" : "addSchedule@Admin"
    },
    {
        "@url"        : "/super/edit-schedule",
        "@name"       : "edit_schedule",
        "@static"     : "admin/add-schedule",
        "@controller" : "editSchedule@Admin"
    },
    {
        "@url"        : "/super/speaker/assigned-schedule",
        "@name"       : "assigned_schedules",
        "@static"     : "admin/add-speaker-schedule",
        "@controller" : "assignedSchedules@Admin"
    },
    {
        "@url"        : "/super/event-speakers",
        "@name"       : "manage_speakers",
        "@static"     : "admin/event-speakers",
        "@controller" : "eventSpeakers@Admin"
    },
    {
        "@url"        : "/super/add-speaker",
        "@name"       : "add_speaker",
        "@static"     : "admin/add-speaker",
        "@controller" : "addSpeaker@Admin"
    },
    {
        "@url"        : "/super/edit-speaker",
        "@name"       : "edit_speaker",
        "@static"     : "admin/add-speaker",
        "@controller" : "editSpeaker@Admin"
    },
    {
        "@url"        : "/super/messages",
        "@name"       : "messages",
        "@static"     : "admin/contact-messages",
        "@controller" : "contactMessages@Admin"
    },
    {
        "@url"        : "/super/add-partner",
        "@name"       : "add_partner",
        "@static"     : "admin/add-partner",
        "@controller" : "addPartner@Admin"
    },
    {
        "@url"        : "/super/edit-partner",
        "@name"       : "edit_partner",
        "@static"     : "admin/add-partner",
        "@controller" : "editPartner@Admin"
    },
    {
        "@url"        : "/super/manage-side-pages",
        "@name"       : "manage_sidepages",
        "@static"     : "admin/side-page",
        "@controller" : "sidePages@Admin"
    },
    {
        "@url"        : "/super/manage-partners",
        "@name"       : "manage_partners",
        "@static"     : "admin/partners",
        "@controller" : "ourPartners@Admin"
    },
    {
        "@url"        : "/super/donations",
        "@name"       : "donations",
        "@static"     : "admin/donation-page",
        "@controller" : "donations@Admin"
    },
    {
        "@url"        : "/super/search-field",
        "@controller" : "getSearchData@Search"
    },
    {
        "@url"        : "/web-app/paginate",
        "@controller" : "getDataNavigate@Search"
    },
    {
       "@url"        : "/super/messages/read-unread",
       "@controller" : "readUnreadMessage@MainActivity"
    },
    {
       "@url"        : "/super/dashboard/chart/stat",
       "@controller" : "@DashChart"
    }
]