[
   {
     "@url"         : "/send-message",
     "@name"        : "sendMessage",
     "@controller"  : "sendMessage@MainActivity"
   },
   {
     "@url"         : "/login-user",
     "@controller"  : "login@MainActivity"
   },
   {
     "@url"         : "/super/add-new-member",
     "@name"        : "add_member",
     "@controller"  : "addMember@MainActivity"
   },
   {
      "@url"        : "/super/profile-update",
      "@name"       : "change_profile",
      "@controller" : "updateAccount@MainActivity"
   },
   {
      "@url"        : "/super/page/category/add-subcategory",
      "@name"       : "add_subCategory",
      "@controller" : "createSubCategory@MainActivity"
   },
   {
      "@url"        : "/super/page/category/edit-subcategory",
      "@name"       : "edit_subCategory",
      "@controller" : "editSubCategory@MainActivity"
   },
   {
      "@url"        : "/super/page/add-category",
      "@name"       : "addCategory",
      "@controller" : "createCategory@MainActivity"
   },
   {
      "@url"        : "/super/page/edit-category",
      "@name"       : "editCategory",
      "@controller" : "editCategory@MainActivity"
   },
   {
      "@url"        : "/super/page/create",
      "@name"       : "createPage",
      "@controller" : "createPage@MainActivity"
   },
   {
      "@url"        : "/super/page/update",
      "@name"       : "updatePage",
      "@controller" : "updatePage@MainActivity"
   },
   {
      "@url"        : "/super/event/create",
      "@name"       : "setEvent",
      "@controller" : "addEvent@MainActivity"
   },
   {
      "@url"        : "/super/event/update",
      "@name"       : "updateEvent",
      "@controller" : "updateEvent@MainActivity"
   },
   {
      "@url"        : "/super/event/add-schedule",
      "@name"       : "addSchedule",
      "@controller" : "addSchedule@MainActivity"
   },
   {
      "@url"        : "/super/event/update-schedule",
      "@name"       : "updateSchedule",
      "@controller" : "updateSchedule@MainActivity"
   },
   {
      "@url"        : "/super/partner/add",
      "@name"       : "addPartner",
      "@controller" : "addPartner@MainActivity"
   },
   {
      "@url"        : "/super/partner/details/update",
      "@name"       : "updatePartner",
      "@controller" : "updatePartner@MainActivity"
   },
   {
      "@url"        : "/super/speaker/add",
      "@name"       : "addSpeaker",
      "@controller" : "addSpeaker@MainActivity"
   },
   {
      "@url"        : "/super/speaker/edit",
      "@name"       : "updateSpeaker",
      "@controller" : "updateSpeaker@MainActivity"
   },
   {
      "@url"        : "/super/side-item/add",
      "@name"       : "addSideItm",
      "@controller" : "addSideItem@MainActivity"
   },
   {
      "@url"        : "/super/side-page/edit",
      "@name"       : "editSidePage",
      "@controller" : "editSidePage@MainActivity"
   },
   {
      "@url"        : "/super/side-page/edit-membership-form",
      "@name"       : "editMemForm",
      "@controller" : "editMembershipForm@MainActivity"
   },
   {
      "@url"        : "/super/side-item/edit",
      "@name"       : "editSideItm",
      "@controller" : "editSideItem@MainActivity"
   },
   {
      "@url"        : "/super/speaker/add-schedule",
      "@controller" : "addSpeakerSchedule@MainActivity"
   },
   {
      "@url"        : "/super/speaker/delete-schedule",
      "@controller" : "deleteSpeakerSchedule@MainActivity"
   },
   {
      "@url"        : "/super/delete/event",
      "@controller" : "deleteEvent@MainActivity"
   },
   {
      "@url"        : "/delete-user",
      "@controller" : "quarantineMember@MainActivity"
   },
   {
      "@url"        : "/super/delete/event/schedule",
      "@controller" : "deleteSchedule@MainActivity"
   },
   {
      "@url"        : "/super/delete/partner",
      "@controller" : "deletePartner@MainActivity"
   },
   {
      "@url"        : "/super/delete/page",
      "@controller" : "deletePage@MainActivity"
   },
   {
      "@url"        : "/super/delete/message",
      "@controller" : "deleteMessage@MainActivity"
   },
   {
      "@url"        : "/super/delete/speaker",
      "@controller" : "deleteSpeaker@MainActivity"
   },
   {
      "@url"        : "/super/message/set-status",
      "@controller" : "setMessageStatus@MainActivity"
   },
   {
      "@url"        : "/super/sidepage/add-header",
      "@controller" : "addSidePageHead@MainActivity"
   },
   {
      "@url"        : "/super/sideitem/delete",
      "@controller" : "deleteSideItem@MainActivity"
   },
   {
      "@url"        : "/super/sideheader/delete",
      "@controller" : "deleteSideHeader@MainActivity"
   }
]